<?xml version="1.0"?>
<!--
Licensed to the Apache Software Foundation (ASF) under one or more
contributor license agreements.  See the NOTICE file distributed with
this work for additional information regarding copyright ownership.
The ASF licenses this file to You under the Apache License, Version 2.0
(the "License"); you may not use this file except in compliance with
the License.  You may obtain a copy of the License at

     http://www.apache.org/licenses/LICENSE-2.0

Unless required by applicable law or agreed to in writing, software
distributed under the License is distributed on an "AS IS" BASIS,
WITHOUT WARRANTIES OR CONDITIONS OF ANY KIND, either express or implied.
See the License for the specific language governing permissions and
limitations under the License.
-->
<document>
 <properties>
  <title>Home</title>
  <author email="dev@commons.apache.org">Commons Documentation Team</author>
 </properties>
<body>
<!-- ================================================== -->
<section name="Commons Lang">

<p>
The standard Java libraries fail to provide enough methods for
manipulation of its core classes. The <em>Lang</em> Component provides
these extra methods. 
</p>

<p>
The <em>Lang</em> Component provides a host of helper utilities for the java.lang API, notably 
String manipulation methods, basic numerical methods, object reflection, creation and serialization, 
and System properties. Additionally it contains an inheritable enum type, an exception structure that 
supports multiple types of nested-Exceptions, basic enhancements to java.util.Date and a series of utilities dedicated to help with 
building methods, such as hashCode, toString and equals.
</p>
</section>
<!-- ================================================== -->
<section name="Documentation">
<p>
A getting started <a href="userguide.html">user guide</a> is available
together with various <a href="project-reports.html">project reports</a>.
</p>
<p>
The JavaDoc API documents are available online:
</p>
<ul>
<li>The <a href="api-release/index.html">current release 2.5</a></li>
<li>The <a href="api-2.4/index.html">previous version 2.4</a></li>
<li>Older releases - see the <a href="release-history.html">Release History</a> page</li>
</ul>
<p>
The <a href="source-repository.html">subversion repository</a> can be
<a href="http://svn.apache.org/viewvc/commons/proper/lang/trunk/">browsed</a>.
</p>
</section>
<!-- ================================================== -->
<section name="Releases">
<p>
The latest version 2.5, is JDK 1.3 compatible - 
<a href="http://commons.apache.org/lang/download_lang.cgi">Download now!</a> 
(<a href="upgradeto2_5.html">upgrade notes</a>). </p>

<p>
For information on previous releases, see the <a href="release-history.html">Release History</a> and to download previous releases, see the <a href="http://archive.apache.org/dist/commons/lang/">Apache Archive</a>.
</p>
</section>
<!-- ================================================== -->
<section name="Support">
<p>
The <a href="mail-lists.html">commons mailing lists</a> act as the main support forum.
The user list is suitable for most library usage queries.
The dev list is intended for the development discussion.
Please remember that the lists are shared between all commons components,
so prefix your email by [lang].
</p>
<p>
Issues may be reported via <a href="issue-tracking.html">ASF JIRA</a>.
Please read the instructions carefully to submit a useful bug report or enhancement request.
</p>
</section>
<!-- ================================================== -->
<section name="Resources">
<ul>
<li>
Oct 17, 2002 - <a href="http://www.builder.com/">Builder.com</a> has an article on Commons Lang v1.0 entitled
<a href="http://builder.com.com/article.jhtml?id=u00320021017yan01.htm&amp;page=1&amp;vf=tt">Apache Commons Lang project offers centralized utility functions</a>
</li>
<li>
<a href="http://ant.apache.org">Ant</a>,
<a href="http://maven.apache.org">Maven</a>,
<a href="http://clirr.sourceforge.net/">Clirr</a>,
<a href="http://pmd.sourceforge.net/">PMD</a>,
<a href="http://cobertura.sourceforge.net/">Cobertura</a>,
<a href="http://www.cs.umd.edu/~pugh/java/bugs/">FindBugs</a> and
<a href="http://www.osjava.org/jardiff">JarDiff</a>
have all been of use in the latest release of Commons Lang. 
</li>
</ul>
</section>
<!-- ================================================== -->
</body>
</document>
